(h)anyir,rancid/rank, , ,0,0,1
abad,age/century/era,, ,0,0,1
abang,older brother, , ,0,0,1
abdi,servant/slave,,,0,0,1
abjad,alphabet,,,0,0,1
abstrak,abstract/summary,,,0,0,1
adab,courtesy/culture/knowing proper behavior,,,0,0,1
address for fellow female of similar status,Saudari,,,0,0,1
address for fellow male of similar status,Saudara,,,0,0,1
afterwards/then/subsequently,kemudian,,,0,0,1
agar,in order that/to,,,0,0,1
Ahad,Sunday,,,0,0,1
akal (noun),cunning/intellect/tactics,,,0,0,1
akhlak,character/morals,,,0,0,1
alat,instrument/tool,,,0,0,1
alcoholic/heavy drinker,peminum,,,0,0,1
amboi,hey!,,,0,0,1
and so forth,dan seterusnya,,,0,0,1
Anna is Mick's housemate,Anna teman serumah Mick,,,0,0,1
Anna shares a house with Mick,Anna serumah dengan Mick,,,0,0,1
Apa sebab(nya)?,why?,,,0,0,1
apart from/as well as,selain dari,,,0,0,1
application,lamaran,,,0,0,1
arif,clever/learned/wise,,,0,0,1
arus,current/flow,,,0,0,1
as it happened,kebetulan,,,0,0,1
asa (noun),hope,,,0,0,1
asal,cause/source,,,0,0,1
asam,acid/sour,,,0,0,1
asyik + verb,busy doing...,,,0,0,1
attendant/servant/waiter/waitress,pelayan,,,0,0,1
aula,auditorium/hall,,,0,0,1
aurat,private body parts,,,0,0,1
ayah,father,,,0,0,1
Aziz,awe-inspiring/enormous/great,,,0,0,1
baiduri,gem/opal,,,0,0,1
banci,effeminate/hermaphrodite/queer/transvestite,,,0,0,1
bangau,tufted heron/white egret,,,0,0,1
bangsa,nation/race,,,0,0,1
banyu bening,peace and spiritual enlightenment,,,0,0,1
bara,ember/heat/warmth,,,0,0,1
barangkali,perhaps,,,0,0,1
batas,border/limit,,,0,0,1
bawang,onion,,,0,0,1
bea,duty/tax/toll,,,0,0,1
bear (animal),beruang,,,0,0,1
beban,burden/charge/load/responsibility,,,0,0,1
bebas,free/unhampered,,,0,0,1
bedak,powder (talc),,,0,0,1
bela,to say in defense,,,0,0,1
berahi,lust/passion/sexual desire,,,0,0,1
beras,uncooked rice,,,0,0,1
berbagai,various,,,0,0,1
bercakap,to chat/talk,,,0,0,1
bercengang,amazed/astonished/surprised,,,0,0,1
berdering,to ring/tinkle,,,0,0,1
berjajar,to be in a row,,,0,0,1
berjumpa,to meet,,,0,0,1
berjunjungan,have a husband,,,0,0,1
berkelahi,to fight,,,0,0,1
berkicau,chirp/twitter,,,0,0,1
berkumpul,to assemble/gather together,,,0,0,1
bermacam-macam,various kinds of,,,0,0,1
berpendidikan,to be educated,,,0,0,1
bersaing,to compete,,,0,0,1
bertani,to work on the land,,,0,0,1
bertengkar,to quarrel,,,0,0,1
bertuntut,demand/prosecute/strive for,,,0,0,1
betina,female of the species,,,0,0,1
bibi,aunt,,,0,0,1
bibik,aunt,,,0,0,1
biji,seed/stone,,,0,0,1
binatang,animal/beast,,,0,0,1
bini,wife (derog.),,,0,0,1
binti,daughter of,,,0,0,1
biri-biri,sheep,,,0,0,1
bisu,dumb/mute,,,0,0,1
bius,drugs,,,0,0,1
blind,buta,,,0,0,1
boat/ship,kapal laut,,,0,0,1
borong,the entirity of,,,0,0,1
boros,extravogant/lavish/wasteful,,,0,0,1
broadcast (noun),siaran,,,0,0,1
buah-buahan,fruit,,,0,0,1
bual,boasting/bragging/bubbling over (liquid),,,0,0,1
buatan,workmanship,,,0,0,1
buhul,knot,,,0,0,1
buih,foam/froth,,,0,0,1
bulu,fur/hair/wool,,,0,0,1
buluh,bamboo,,,0,0,1
bumbu,cooking spices,,,0,0,1
bunga,flower,,,0,0,1
bungsu,last in the series/last offspring,,,0,0,1
bunyi,noise/sound,,,0,0,1
busuk,corrupt/putrid/rotten/vile,,,0,0,1
buta,blind,,,0,0,1
buyung,form of address to young boy,,,0,0,1
cacar,smallpox,,,0,0,1
cair,diluted/fluid/liquid/thin,,,0,0,1
calm(ly)/quiet(ly),tenang,,,0,0,1
cambang,sideburns/whiskers,,,0,0,1
campak (noun),throw/toss,,,0,0,1
capable,cekatan,,,0,0,1
capital city,ibu kota,,,0,0,1
cecer,scattered/spilled,,,0,0,1
cekatan,capable,,,0,0,1
cemooh,insult/ridicule/taunt,,,0,0,1
cerai,divorce/separate,,,0,0,1
cetak,cast/form/mold,,,0,0,1
character/letter,huruf,,,0,0,1
chili,cabe,,,0,0,1
chop sticks,sumpit,,,0,0,1
cibir,sneer/turn up one's lip,,,0,0,1
cigarette,rokok,,,0,0,1
ciri-ciri,features,,,0,0,1
classroom,kelas,,,0,0,1
coat/dress/gown,baju,,,0,0,1
comb,sisir,,,0,0,1
composer,pengarang,,,0,0,1
composition (music etc.),karangan,,,0,0,1
corner,sudut,,,0,0,1
country/nation/state,negara,,,0,0,1
crockery,pecah-belah,,,0,0,1
cry baby,penangis,,,0,0,1
cucu,grandchild,,,0,0,1
cucur,a flow/trickle,,,0,0,1
cuit,sound of squeaking,,,0,0,1
cumbu,flattery/joke/sweet talk,,,0,0,1
cup,cangkir,,,0,0,1
cupboard,lemari,,,0,0,1
daily...,...harian,,,0,0,1
danau,lake,,,0,0,1
dapur,kitchen,,,0,0,1
dara,virgin/young girl,,,0,0,1
dasi,necktie,,,0,0,1
daulat,good fortune,,,0,0,1
daun,blade/leaf/playing card,,,0,0,1
deaf,tuli,,,0,0,1
debak,sound of thud,,,0,0,1
debar,beat/pulse,,,0,0,1
debat,debate,,,0,0,1
dewan,board/council,,,0,0,1
disease/illness,penyakit,,,0,0,1
driving licence,rebewes/surat izin mengemudi,,,0,0,1
duku,lanseh tree or its fruit,,,0,0,1
duli,dust,,,0,0,1
dumb/mute,bisu,,,0,0,1
dusun,orchard/rural village,,,0,0,1
edar,revolve/turn,,,0,0,1
elephant,gajah,,,0,0,1
elok,beautiful/good/lovely,,,0,0,1
emas,golden?,,,0,0,1
ember,bucket,,,0,0,1
embun,condensation/dew/haze,,,0,0,1
empang,dam/embankment/pond,,,0,0,1
empu,master craftsman,,,0,0,1
enau,sugar palm,,,0,0,1
etc.,dan lain-lain,,,0,0,1
extensive/wide,luas,,,0,0,1
faedah (noun),benefit/use,,,0,0,1
fajar,dawn,,,0,0,1
fakir,poor,,,0,0,1
farewell party,pesta perpisahan,,,0,0,1
fasih,eloquent/fluent/quick-witted,,,0,0,1
fat,gemuk,,,0,0,1
feather,bulu,,,0,0,1
flower,bunga,,,0,0,1
football,sepak bola,,,0,0,1
forgetful person,pelupa,,,0,0,1
fork,garpu,,,0,0,1
formal address to a man,Tuan,,,0,0,1
full,penuh,,,0,0,1
furniture,perkakas rumah,,,0,0,1
gagak,crow/raven,,,0,0,1
galah,punting pole/spear,,,0,0,1
game/toy,permainan,,,0,0,1
garage,garasi,,,0,0,1
garden,kebun,,,0,0,1
garpu,fork,,,0,0,1
gelisah,restless,,,0,0,1
giat,active/energetic,,,0,0,1
gift,pemberian,,,0,0,1
government,pemerintah,,,0,0,1
government department,jawatan,,,0,0,1
graduate (n),tamatan,,,0,0,1
gubuk hina,humble home,,,0,0,1
gugus,cluster/group,,,0,0,1
guntur,thunder,,,0,0,1
hadir,to be present,,,0,0,1
hamba,servant/slave,,,0,0,1
hampa,empty,,,0,0,1
hanyut,adrift,,,0,0,1
harta,property/wealth,,,0,0,1
hasrat,desire/longing,,,0,0,1
hawa,air/climate/weather,,,0,0,1
he/she (held in respect),beliau,,,0,0,1
hearing,pendengaran,,,0,0,1
hendak,to intend/want/wish to,,,0,0,1
heran,astonished,,,0,0,1
hewan,animal,,,0,0,1
himpit,press/squeeze,,,0,0,1
hinggap (verb),alight/perch,,,0,0,1
How many more rain jackets?,Berapa helai lagi jas hujan?,,,0,0,1
hukum,law/verdict,,,0,0,1
huruf,character/letter,,,0,0,1
I would love to,saya mau saja,,,0,0,1
if/when (conditional),jika/kalau,,,0,0,1
illiterate,buta huruf,,,0,0,1
in general,umumnya,,,0,0,1
in the morning,hari pagi,,,0,0,1
injil,gospel,,,0,0,1
instruction,pengajaran,,,0,0,1
intan,diamond,,,0,0,1
inti,core/filling/nucleus,,,0,0,1
iri,jealous,,,0,0,1
iris,slice very thin,,,0,0,1
izin,license/permission/permit,,,0,0,1
jantan,male of the species,,,0,0,1
jawatan,government department,,,0,0,1
jejer,row of wayang kulit or ther objects,,,0,0,1
jenang,door or window frame or post,,,0,0,1
jijik,disgusting/nauseating/repugnant,,,0,0,1
jorong,corner/ellipse/oval,,,0,0,1
journal/magazine,majalah,,,0,0,1
jujur,honest,,,0,0,1
juru,skilled worker,,,0,0,1
justru,exactly/precisely,,,0,0,1
kacau,in confusion/disorder,,,0,0,1
kafir,infidel/unbeliever,,,0,0,1
kais,scrape/scratch,,,0,0,1
kait,hook,,,0,0,1
kakak,older sibling,,,0,0,1
kakek,grandfather/grand-uncle,,,0,0,1
kalah,defeated,,,0,0,1
kaleng,can/tin,,,0,0,1
kandang,cage/pen,,,0,0,1
kandas,to fail/run aground,,,0,0,1
kapal terbang,aeroplane,,,0,0,1
karcis,calling card/ticket,,,0,0,1
kaum,class (of people),,,0,0,1
kawat,filament/wire,,,0,0,1
kawin (dengan),to marry,,,0,0,1
keadaan,situation/condition(s),,,0,0,1
keamanan,security,,,0,0,1
kebebasan,freedom,,,0,0,1
kebun,garden,,,0,0,1
kecelakaan,accident/misfortune,,,0,0,1
kecewa,disappointed,,,0,0,1
keenakan,pleasantness/to have too much fun doing smth,,,0,0,1
kegirangan,excitement/happiness,,,0,0,1
kehampaan,disappointment/emptiness/vacuum,,,0,0,1
keheranan,miracle/wonder,,,0,0,1
kehinaan,humbleness/humiliation,,,0,0,1
keinginan,desire,,,0,0,1
keingkaran,denial/refusal,,,0,0,1
kekal,durable/eternal/lasting,,,0,0,1
kekayaan,wealth,,,0,0,1
kekeh,to laugh out loud,,,0,0,1
kemeja,shirt,,,0,0,1
kera,monkey,,,0,0,1
kerah,collar,,,0,0,1
kerikil,gravel/pebble,,,0,0,1
ketabahan,determination/endurance,,,0,0,1
keuntungan,luck/profit,,,0,0,1
khalayak,creature/the public,,,0,0,1
khasiat,merit/peculiar or special property or quality/virtue,,,0,0,1
khawatir/kuatir,afraid/apprehensive about,,,0,0,1
khayal,fancy/imaginary/imagination/vision,,,0,0,1
khianat,betrayal/treason/treacherous,,,0,0,1
khilaf,commit an error/erroneous/wrong,,,0,0,1
kias,analogy/comparison,,,0,0,1
kindergarten,taman kanak-kanak,,,0,0,1
kitchen,dapur,,,0,0,1
kitchen utensils,perkakas dapur,,,0,0,1
konyol,foolish/prone to bad fortune,,,0,0,1
kuasa,power,,,0,0,1
kuil,Indian Hindu shrine or temple,,,0,0,1
kuini,kind of mango,,,0,0,1
kukur,dove cooing/grater,,,0,0,1
kulai,drooping/hanging down,,,0,0,1
kuntum,budding flower or girl/classifier for flowers,,,0,0,1
kunyit,turmeric,,,0,0,1
lalat (noun),fly,,,0,0,1
lalu,then,,,0,0,1
lamaran,application,,,0,0,1
lasykar,guerilla fighters,,,0,0,1
lauk,side dish,,,0,0,1
laut,sea,,,0,0,1
lautan,ocean,,,0,0,1
lawan,enemy/opponent/opposite,,,0,0,1
lelang,auction,,,0,0,1
lelang,auction,,,0,0,1
lemari,cupboard,,,0,0,1
lesson,pelajaran,,,0,0,1
lincir,slick/slippery/smooth,,,0,0,1
lion,singa,,,0,0,1
lipstick,gincu bibir,,,0,0,1
lobang,hole,,,0,0,1
lohor,noon/midday prayer,,,0,0,1
lonceng,bell,,,0,0,1
longo,gawk,,,0,0,1
lowongan,vacancy,,,0,0,1
luhur,glorious/lofty/noble,,,0,0,1
majalah,journal/magazine,,,0,0,1
makhluk,creature,,,0,0,1
mangsa,bait/prey/victim,,,0,0,1
many of us,beramai-ramai kami,,,0,0,1
map (eng-indo),peta,,,0,0,1
mara,advance/danger/disaster/progress,,,0,0,1
marga,clan/genus,,,0,0,1
masyarakat,community/society,,,0,0,1
masygul,downhearted/sad,,,0,0,1
masyhur,famous/well-known,,,0,0,1
maulud,Muhammad's birthday,,,0,0,1
maut,death,,,0,0,1
me + h... =,mengh...,,,0,0,1
me + p... =,mem...,,,0,0,1
meeting place,tempat rapat,,,0,0,1
membagi,to divide,,,0,0,1
membeo,to immitate/parrot,,,0,0,1
memfitnah,to slander,,,0,0,1
memimpin,to lead/chair a meeting,,,0,0,1
memondokkan,to lodge someone somewhere,,,0,0,1
memperas,blackmail/milk/press/squeeze,,,0,0,1
mencacar,to vaccinate,,,0,0,1
mencecerkan,to scatter/sow,,,0,0,1
mendandani,to adorn,,,0,0,1
mendidik,to educate,,,0,0,1
mengalah,to give in,,,0,0,1
mengalahkan,to beat/defeat,,,0,0,1
mengejek,to ridicule,,,0,0,1
menggulai,to ice/put sugar on,,,0,0,1
menghadiri,to attend,,,0,0,1
menghormati,to honour/respect,,,0,0,1
mengingkari,to deny/go back on,,,0,0,1
mengintipi,to spy on,,,0,0,1
mengkirai,to shake out/spread out to dry,,,0,0,1
menguasai,to control/dominate/rule,,,0,0,1
mengusung,to carry,,,0,0,1
mengutus,to delegate,,,0,0,1
meninjau,to view/watch from a distance,,,0,0,1
menjunjung,to carry on head or shoulders,,,0,0,1
menyamakan,to synchronise,,,0,0,1
menyisip,to insert/penetrate between two objects or into a tight space,,,0,0,1
merampas,to seize/take away,,,0,0,1
merayakan,to celebrate,,,0,0,1
miang,traitor,,,0,0,1
misalnya,for example,,,0,0,1
mogok,break down/fail/stall/strike,,,0,0,1
montok,full/plump/well-built,,,0,0,1
moyang,great-grandparents,,,0,0,1
muara,estuary/mouth/orifice,,,0,0,1
muda,young,,,0,0,1
mudah,easy,,,0,0,1
mujur,luck/lucky/straight,,,0,0,1
musafir,traveler,,,0,0,1
musuh,enemy,,,0,0,1
musyawarat,conference/deliberation/discussion/meeting,,,0,0,1
nafsu,natural desire or appetite,,,0,0,1
nenek,grandmother,,,0,0,1
news report,warta berita,,,0,0,1
newspaper,surat kabar,,,0,0,1
nganga,agape,,,0,0,1
ngarai,chasm/gorge,,,0,0,1
ngeri,horrified/horrifying,,,0,0,1
ngiang,sound of buzzing/humming/whining,,,0,0,1
ngilu,pain,,,0,0,1
niat,aim/intention/plan,,,0,0,1
nilai,price/school grade/value,,,0,0,1
not at all wet,sama sekali tidak basah,,,0,0,1
nyala,flame,,,0,0,1
nyalang,clear,,,0,0,1
nyaring,nigh-pitched/peircing,,,0,0,1
nyaris,nearly (of something unpleasant),,,0,0,1
nyenyak,sound (sleep),,,0,0,1
nyinyir,talkative,,,0,0,1
nyiru,kind of flat basket,,,0,0,1
nyiur,coconut,,,0,0,1
obor,guide/torch,,,0,0,1
on me/about my person,pada saya,,,0,0,1
onggok,heap/pile/stack,,,0,0,1
ongkos,costs/expenses,,,0,0,1
otot,muscle/tendon,,,0,0,1
oyong,squashlike vegetable,,,0,0,1
pahat,chisel,,,0,0,1
pala,nutmeg,,,0,0,1
pale,pucat,,,0,0,1
para,plural indicator (group of people),,,0,0,1
parah,serious (wound or illness),,,0,0,1
parang,chopping knife/short mashete,,,0,0,1
paya,marsh/swamp,,,0,0,1
payah,difficult/tired,,,0,0,1
pekerja,worker,,,0,0,1
pelajar,student,,,0,0,1
pelajaran,lesson,,,0,0,1
peluit,whistle,,,0,0,1
pemberian,gift,,,0,0,1
pemerintah,government,,,0,0,1
pemimpin,leader,,,0,0,1
pemuda,young man/youth,,,0,0,1
pena,pen,,,0,0,1
pendidikan,education,,,0,0,1
pengajar,instructor,,,0,0,1
pengajaran,instruction,,,0,0,1
penghargaan,appreciation/respect,,,0,0,1
penginjil,evangelist,,,0,0,1
penuh,full,,,0,0,1
penyakit,disease/illness,,,0,0,1
peralatan,equipment,,,0,0,1
perayaan,celebration,,,0,0,1
perbuatan,act(ion)/deed,,,0,0,1
perkumpulan,organisation/union,,,0,0,1
perpustakaan,library,,,0,0,1
pertengkaran,quarrel,,,0,0,1
perusahaan,business/enterprise,,,0,0,1
pinggir,border/edge/seam,,,0,0,1
player,pemain,,,0,0,1
pondok,lodging,,,0,0,1
pucat,pale,,,0,0,1
pucuk,classifier for letters and rifles,,,0,0,1
puing,debris/ruins,,,0,0,1
puisi,poetry,,,0,0,1
pula,also,,,0,0,1
puluhan,dozens/tens,,,0,0,1
puntung,cigarette butt,,,0,0,1
puru,boil/sore/ulcer,,,0,0,1
puyuh,quail,,,0,0,1
quarrel (n),pertengkaran,,,0,0,1
rakyat,masses/people,,,0,0,1
ramah,friendily,,,0,0,1
randa,widow,,,0,0,1
ratap,lamentation,,,0,0,1
raut,form/shape,,,0,0,1
rawa,marsh/swamp,,,0,0,1
rebewes,driving licence,,,0,0,1
rela,readiness/willing,,,0,0,1
remuk,crushed/shattered,,,0,0,1
restless,gelisah,,,0,0,1
retak,crack/cracked/fissure,,,0,0,1
rewel,fussy/hard to please/troublesome,,,0,0,1
rhinoceros,badak,,,0,0,1
riang,cheerful/dizzy/joyful,,,0,0,1
ribut,noisy,,,0,0,1
ringan,light in weight/minor in importance,,,0,0,1
rintik,droplet/spot,,,0,0,1
risau,nervous/restless,,,0,0,1
riuh,noisy/in uproar,,,0,0,1
robek,torn,,,0,0,1
roboh,collapse/fall down,,,0,0,1
ruang,hall/newspaper column/room/space,,,0,0,1
ruas,space between joints,,,0,0,1
rugi,to lose money in trading,,,0,0,1
rukun,harmonious,,,0,0,1
rumpun,clump of grass/plants,,,0,0,1
rumput,grass,,,0,0,1
runtuh,collapse/fall apart/fall out,,,0,0,1
sabda,utterance (holy),,,0,0,1
sambil,while,,,0,0,1
sanggul,bun/knot of hair,,,0,0,1
sanggup,able/capable/prepared to do,,,0,0,1
saraf,nerve,,,0,0,1
saudagar,large-scale merchant,,,0,0,1
sawah,wet rice field,,,0,0,1
sekonyong-konyong,sudden/suddenly,,,0,0,1
selidik,accurate/careful/critical/observant,,,0,0,1
sempit,limited/narrow/pressed/tight,,,0,0,1
senyap,deserted/quiet/silent/sound asleep,,,0,0,1
sepoi-sepoi,gentle (of blowing/wind),,,0,0,1
seragam,same(dress)/uniform,,,0,0,1
serdadu,soldier,,,0,0,1
shirt,kemeja,,,0,0,1
siaran,broadcast,,,0,0,1
side,sebelah,,,0,0,1
sifat,character(istic(s))/feature(s)/quality,,,0,0,1
sight/view/vision,penglihatan,,,0,0,1
sihir,black magic/witchcraft,,,0,0,1
silih,change/turn,,,0,0,1
sindir,teasing allusion,,,0,0,1
sisi,flank/side,,,0,0,1
sisir,comb,,,0,0,1
siul,whistling sound,,,0,0,1
sleepy-head,penidur,,,0,0,1
snake,ular,,,0,0,1
sogok,bribery/peirce/stab,,,0,0,1
sole of the foot,tapak kaki,,,0,0,1
songkok,rimless velvet cap,,,0,0,1
suar,flare/signal light,,,0,0,1
sudut,corner,,,0,0,1
sumbu,axle/fuse/pivot/rhino horn/wick,,,0,0,1
sunyi,deserted/desolate/lonely/quiet,,,0,0,1
surau,prayer-house,,,0,0,1
susah,depressing/difficult/sad,,,0,0,1
swimming pool,kolam berenang,,,0,0,1
syarat,condition/prerequirement/requisite,,,0,0,1
syukur,thank heavens,,,0,0,1
tafsir,exegesis,,,0,0,1
tahan,to endure/stand,,,0,0,1
talam,tray,,,0,0,1
tamatan,graduate,,,0,0,1
tambang (noun),mine,,,0,0,1
tandan,stem of banana/coconut,,,0,0,1
taraf,degree/level/standard,,,0,0,1
tata,arrangement/order/system,,,0,0,1
tauke,boss/employer,,,0,0,1
tenang,calm(ly)/quiet(ly),,,0,0,1
terbit,to rise,,,0,0,1
the day after tomorrow,lusa,,,0,0,1
the day before yesterday,kemarin dulu,,,0,0,1
thick (of material),tebal,,,0,0,1
tiba,to arrive,,,0,0,1
tiger,harimau,,,0,0,1
tindih/tindis,overlapping,,,0,0,1
Tionghoa,Chinese,,,0,0,1
Tiongkok,China,,,0,0,1
tipis,fine/slight/thin,,,0,0,1
tiri,step relation,,,0,0,1
titik,drop/full stop/point,,,0,0,1
tiup,blow/related to wind instruments,,,0,0,1
to admit/confess,mengaku,,,0,0,1
to auction off,melelang,,,0,0,1
to bargain,tawar-menawar,,,0,0,1
to be present,hadir,,,0,0,1
to be responsible,bertanggungjawab,,,0,0,1
to be successful (klappen),berhasil,,,0,0,1
to be unemployed,menganggur,,,0,0,1
to copy,menyalin,,,0,0,1
to divide,membagi,,,0,0,1
to do,mengerjakan,,,0,0,1
to endure/stand,tahan,,,0,0,1
to examine/interrogate/search,memeriksa,,,0,0,1
to fight,berkelahi,,,0,0,1
to find/get/obtain,mendapat,,,0,0,1
to follow,menyusul,,,0,0,1
to go on foot,berjalan kaki,,,0,0,1
to grab/take hold of/touch,memegang,,,0,0,1
to indicate/point to,menunjuk,,,0,0,1
to intend/want/wish to,hendak,,,0,0,1
to jump,melompat,,,0,0,1
to keep/rear/take care of,memelihara,,,0,0,1
to learn by heart/memorise,menghafal,,,0,0,1
to leave,berangkat,,,0,0,1
to part,berpisah,,,0,0,1
to possess (transitive),mempunyai,,,0,0,1
to quarrel,bertengkar,,,0,0,1
to rise,terbit,,,0,0,1
to touch/feel,meraba,,,0,0,1
to transfer (someone or something),memindahkan,,,0,0,1
tolol,simple-minded/stupid,,,0,0,1
tong,barrel/cask/vat,,,0,0,1
tonggok,heap/pile,,,0,0,1
totok,chinese/full-blooded/newcomer,,,0,0,1
Tuhan,Allah/God,,,0,0,1
tukang,artisan,,,0,0,1
tuli,deaf,,,0,0,1
tumpu,hoothold/foting/springboard/support,,,0,0,1
tumpul,blunt/dull/obtuse/stupid,,,0,0,1
tunggal,the only...,,,0,0,1
tunggul,stubble/tree stump,,,0,0,1
tungku,fireplace/hearth,,,0,0,1
tupai,tupai,,,0,0,1
ulung,capable/excellent/experienced/skilled/superior,,,0,0,1
unemployment,pengangguran,,,0,0,1
urus,to take care of,,,0,0,1
usul,characteristic/motion/nature/proposal/suggestion,,,0,0,1
vacancy,lowongan,,,0,0,1
valuta,currency,,,0,0,1
varia,varied/variety,,,0,0,1
various kinds (of),bermacam-macam,,,0,0,1
wali,father/guardian/high civil servant,,,0,0,1
warta,communication/news/report,,,0,0,1
wedana,district cheif,,,0,0,1
when (conjuction),tatkala,,,0,0,1
when (future definite),bila,,,0,0,1
when (past - als),ketika/waktu,,,0,0,1
when (wann),apabila/bila/bilamana/kapan,,,0,0,1
"when, at the time (conjuction)",ketika,,,0,0,1
whenever (habitual actions),bila,,,0,0,1
while,sambil,,,0,0,1
Who knows...?,entahlah,,,0,0,1
wibawa,authority/power,,,0,0,1
wilayah,district/region,,,0,0,1
page(of book)/yard (place),halaman,,,0,0,1
zakat,tithe,,,0,0,1
zaman,era/time,,,0,0,1
zat,essence/substance,,,0,0,1
ziarah,make a devotional visit to a sacred place,,,0,0,1
zoo,kebun binatang,,,0,0,1
zzact of reading aloud,bacaan,,,0,0,2
zzadik,younger sibling,,,0,0,2
zzafter,sesudah/setelah,,,0,0,2
zzala,in the style of,,,0,0,2
zzanything at all/whatever you like,apa saja,,,0,0,2
zzAre *you* allowed to do that?,Apa kamu boleh melakukan itu?,,,0,0,2
zzAre you *allowed* to do that?,Apa boleh kamu melakukan itu?,,,0,0,2
zzarea/region,daerah,,,0,0,2
zzautumn,musim gugur,,,0,0,2
zzBecky is good at cooking,Becky pandai memasak,,,0,0,2
zzbelian,purchases,,,0,0,2
zzberasal dari,to come/originate from,,,0,0,2
zzberbaris,to form rows/line up,,,0,0,2
zzberbunyi,to ring/sound,,,0,0,2
zzberkali-kali,many times/repeatedly,,,0,0,2
zzdaerah,area/region,,,0,0,2
zzdon't forget to sign your name,jangan lupa menulis namamu,,,0,0,2
zzdrawer,laci,,,0,0,2
zzdressing gown,baju tidur,,,0,0,2
zzdry season,musim kemarau/kering,,,0,0,2
zzduit,money,,,0,0,2
zzejaan,spelling,,,0,0,2
zzesok,tomorrow,,,0,0,2
zzexactly/sharp (time),tepat,,,0,0,2
zzformal address to a middle-aged or married woman,Nyonya,,,0,0,2
"zzformal address to a young, unmarried woman",Nona,,,0,0,2
zzfried egg,telur mata sapi,,,0,0,2
zzgambaran,drawing/picture,,,0,0,2
zzgloves,kaus tangan,,,0,0,2
zzgongong,sound of barking,,,0,0,2
zzgosong,burnt/scorched/singed,,,0,0,2
zzgrilled/roasted/toasted,panggang,,,0,0,2
zzgugur,fall (of leaves),,,0,0,2
zzHe doesn't sing any more,Dia tidak bernyanyi lagi,,,0,0,2
zzhead office,kantor pusat,,,0,0,2
zzhopefully,mudah-mudahan/semoga,,,0,0,2
zzhormat (terhadap/kepada),to be respectful to,,,0,0,2
zzI have a problem/illness/ache of the ...,saya sakit ...,,,0,0,2
zzit seems that,rupanya/sepertinya,,,0,0,2
zzjualan,merchandise/wares,,,0,0,2
zzkaisar,emperor,,,0,0,2
zzkeemasan,golden,,,0,0,2
zzkeemas-emasan,golden,,,0,0,2
zzkeindahan,beauty,,,0,0,2
zzkepandaian,ability/intelligence/skill,,,0,0,2
zzkertas,paper,,,0,0,2
zzkukus,steam/vapour,,,0,0,2
zzlaci,drawer,,,0,0,2
zzlekas,quick(ly),,,0,0,2
zzlemah,weak,,,0,0,2
zzlicin,slippery,,,0,0,2
zzlower back/waist,pinggang,,,0,0,2
zzmap (indo-english),folder,,,0,0,2
zzme + a... =,menga...,,,0,0,2
zzme + b... =,memb...,,,0,0,2
zzme + c... =,menc...,,,0,0,2
zzme + d... =,mend...,,,0,0,2
zzme + e... =,menge...,,,0,0,2
zzme + f... =,memf...,,,0,0,2
zzme + g... =,mengg...,,,0,0,2
zzme + i... =,mengi...,,,0,0,2
zzme + j... =,menj...,,,0,0,2
zzme + k... =,meng...,,,0,0,2
zzme + l... =,mel...,,,0,0,2
zzme + m... =,mem...,,,0,0,2
zzme + n... =,men...,,,0,0,2
zzme + ng... =,meng...,,,0,0,2
zzme + ny... =,meny...,,,0,0,2
zzme + o... =,mengo...,,,0,0,2
zzme + r... =,mer...,,,0,0,2
zzme + s... =,meny...,,,0,0,2
zzme + t... =,men...,,,0,0,2
zzme + u... =,mengu...,,,0,0,2
zzme + w... =,mew...,,,0,0,2
zzme + y... =,mey...,,,0,0,2
zzmemanggang,to grill/roast/toast,,,0,0,2
zzmencuri,to steal,,,0,0,2
zzmengapa,doing what/why,,,0,0,2
zzmenonton,to watch,,,0,0,2
zzmerchandise/wares,jualan,,,0,0,2
zzmore emphatic dulu,dahulu,,,0,0,2
zzmy ... hurts,... saya sakit,,,0,0,2
zznafkah,basic necessities to live,,,0,0,2
zznak,address for a child,,,0,0,2
zzngeong,to miaow,,,0,0,2
zzNo she doesn't.,Ya Tidak.,,,0,0,2
zzNyonya,Mrs.,,,0,0,2
zznyonya rumah,housewife,,,0,0,2
zzolok-olok,funny remark/joke,,,0,0,2
zzompong,toothless,,,0,0,2
zzpanci,pan,,,0,0,2
zzpandai,clever/good at,,,0,0,2
zzpaper,kertas,,,0,0,2
zzpast (telling time),lewat,,,0,0,2
zzpenonton,audience/spectator,,,0,0,2
zzperfume,minyak harum/wangi,,,0,0,2
zzperkataan,words,,,0,0,2
zzpimpin,to lead/chair a meeting,,,0,0,2
zzpocket,saku,,,0,0,2
zzpostage stamp,prangko,,,0,0,2
zzprangko,postage stamp,,,0,0,2
zzprimary school,sekolah dasar,,,0,0,2
zzpunggung,upper back,,,0,0,2
zzpurchases,belian,,,0,0,2
zzreading material,bacaan,,,0,0,2
zzrefuse to sign your name,jangan mau menulis namamu,,,0,0,2
zzrepeatedly,berkali-kali,,,0,0,2
zzrindu,long/miss/yearn for,,,0,0,2
zzroot of memanggang,panggang,,,0,0,2
zzroot of menurut,turut,,,0,0,2
zzsaku,pocket,,,0,0,2
zzSaudara,Mr./Mrs./Relative of same generation,,,0,0,2
zzslow,lambat,,,0,0,2
zzsocks,kaus kaki,,,0,0,2
zzsombong,arrogant,,,0,0,2
zzspoon,sendok,,,0,0,2
zzspring (season),musim bunga/semi,,,0,0,2
zzsyurga,heaven,,,0,0,2
zzteng,ding,,,0,0,2
zzterburu-buru,in a hurry,,,0,0,2
zztetap,constant/permanent/persistent,,,0,0,2
zzthat (object) is not for you,itu bukan untukmu,,,0,0,2
zzthat afternoon,sorenya,,,0,0,2
zzthin (of body),kurus,,,0,0,2
zzthroat,kerongkongan,,,0,0,2
zzto attend school,bersekolah,,,0,0,2
zzto compose/write,mengarang,,,0,0,2
zzto go for a walk,berjalan-jalan,,,0,0,2
zzto grill/roast/toast,memanggang,,,0,0,2
zzto lead/chair (a meeting),memimpin,,,0,0,2
zzto put (someone) to bed,menidurkan,,,0,0,2
zzto scream,memekik,,,0,0,2
zzto taste,mengecap,,,0,0,2
zzto tick (clock/watch),berdetik,,,0,0,2
zzto wait (for),menanti,,,0,0,2
zzto walk,berjalan,,,0,0,2
zztoast (noun),roti panggang,,,0,0,2
zztogether,bersama-sama,,,0,0,2
zztonton,to watch,,,0,0,2
zzTuan,Mr./Sir,,,0,0,2
zzumum,common/general/the public,,,0,0,2
zzupper back,punggung,,,0,0,2
zzwatch maker,tukang jam,,,0,0,2
zzwhat is common in boolean aux questions?,subject-auxiliary inversion,,,0,0,2
zzWhat is the name of that young lady?,Siapa nama nona itu?,,,0,0,2
"zzWhat is your name, young lady (formal)",Siapa nama Nona?,,,0,0,2
zzwhat time?,jam/pukul berapa?,,,0,0,2
zzwisma,public building,,,0,0,2
zzwortel,carrot,,,0,0,2
zzYou're next,Kamu lagi,,,0,0,2
zzyou're welcome,(terima kasih) kembali,,,0,0,2
ahli,expert,,,0,0,1
expert,ahli,,,0,0,1
antara,among/between,,,0,0,1
among/between,antara,,,0,0,1
even less/let alone/especially,apalagi,,,0,0,1
tray,baki,,,0,0,1
to greet each other,bersalaman,,,0,0,1
domba,sheep,,,0,0,1
gerak-gerik,movements,,,0,0,1
lancar,fluent,,,0,0,1
fluent,lancar,,,0,0,1
to be single,membujang,,,0,0,1
to study something (in depth),pelajari,,,0,0,1
to beautify,memperbagus,,,0,0,1
to fix/improve/repair,membaiki/memperbaiki,,,0,0,1
to renew/renovate,membarui/memperbarui,,,0,0,1
to enlarge,memperbesar,,,0,0,1
to deepen knowledge,memperdalam pengetahuan,,,0,0,1
memperdalam pengetahuan,to deepen knowledge,,,0,0,1
to look carefully at/observe/pay attention to/take notice of,memperhatikan,,,0,0,1
to make smaller,memperkecil,,,0,0,1
to introduce someone (to someone else),memperkenalkan/mengenalkan,,,0,0,1
to show something (so someone else),melihatkan/memperlihatkan,,,0,0,1
to broaden/extend/widen,memperluas,,,0,0,1
to argue over the matter of,mempertengkarkan soal,,,0,0,1
mempertunjukkan,to perform/show,,,0,0,1
to shave/shear,mencukur,,,0,0,1
to find out/know/realise,mengetahui,,,0,0,1
field/paddock,padang rumput,,,0,0,1
pegewai,employee/official,,,0,0,1
knowledge,pengetahuan,,,0,0,1
journey/trip,perjalanan,,,0,0,1
sahabat,friend,,,0,0,1
sajak,poem,,,0,0,1
poem,sajak,,,0,0,1
sastra,literature,,,0,0,1
sebaya,of the same age/generation,,,0,0,1
sejarah,history,,,0,0,1
history,sejarah,,,0,0,1
a certain/one,suatu,,,0,0,1
to invite someone to do something,mempersilakan/menyilakan,,,0,0,1
to let someone hear,memperdengarkan,,,0,0,1
to show/indicate,menunjukkan,,,0,0,1
kebesaran,greatness/rather large,,,0,0,1
kecantikan,beauty,,,0,0,1
kerugian,damage/loss,,,0,0,1
kedudukan,position/situation,,,0,0,1
life,kehidupan,,,0,0,1
hobby,kesukaan,,,0,0,1
a gift from God or from a person of higher status,anugrah,,,0,0,1
to chat,bercakap-cakap,,,0,0,1
to chat and joke,bercengkerama,,,0,0,1
beres,in good order/well organised,,,0,0,1
in good order/well organised,beres,,,0,0,1
bersedia,to be ready (to),,,0,0,1
berteriak,to cry out/scream,,,0,0,1
to turn 7 years old,berumur cukup 7 tahun,,,0,0,1
medal,bintang,,,0,0,1
gembira,delighted/happy,,,0,0,1
kado,gift/present,,,0,0,1
karib,close (of friend)/intimate,,,0,0,1
candle,lilin,,,0,0,1
to place/put,menaruh,,,0,0,1
to nod (intransitive),mengangguk,,,0,0,1
to nod (transitive),menganggukkan,,,0,0,1
(meng)anugrahi,to present someone with something,,,0,0,1
menganugrahkan,to present something to someone,,,0,0,1
to invite,mengundang,,,0,0,1
to sing (transitive),menyanyikan,,,0,0,1
to prepare (something),menyediakan,,,0,0,1
to arrange (objects on display/flowers),menyusun,,,0,0,1
to celebrate,merayakan,,,0,0,1
mulia,distinguished/honoured/respected,,,0,0,1
paman,uncle,,,0,0,1
segera,immediately,,,0,0,1
once in a while,sekali-sekali,,,0,0,1
serta,and/together with,,,0,0,1
setrup,cordial/syrup,,,0,0,1
membuatkan,to make someone something,,,0,0,1
membelikan,to buy someone something,,,0,0,1
membawakan,to bring someone something,,,0,0,1
mengambilkan,to fetch someone something,,,0,0,1
membacakan,to read someone something,,,0,0,1
membukakan,to open something on someone's behalf,,,0,0,1
mencarikan,to find someone something,,,0,0,1
memintakan,to ask for something for someone else,,,0,0,1
to send (someone something),mengirimi,,,0,0,1
to send (something to someone),mengirim(kan),,,0,0,1
to lend (someone something),meminjami,,,0,0,1
to lend (something to someone),meminjamkan,,,0,0,1
to offer (someone something),menawari,,,0,0,1
to offer (something to someone),menawarkan,,,0,0,1
adat,custom(ary)/tradition(al),,,0,0,1
agama,religion,,,0,0,1
religion,agama,,,0,0,1
agung,great/important (of people),,,0,0,1
amat,very,,,0,0,1
shoulder,bahu,,,0,0,1
recently,baru-baru ini,,,0,0,1
the next/following,berikut(nya),,,0,0,1
berkunjung (ke),to visit,,,0,0,1
berpegang (kepada),to hold on (to),,,0,0,1
berupa,in the form of/to take the form of,,,0,0,1
cerana,betel bowl/platter,,,0,0,1
cucuk konde,decorative hairpin,,,0,0,1
empunya,owner,,,0,0,1
ankle bracelets,gelang kaki,,,0,0,1
gerakan,movements,,,0,0,1
golongan,group,,,0,0,1
total amount/total number,jumlah,,,0,0,1
majority,kebanyaknya,,,0,0,1
kingdom,kerajaan,,,0,0,1
exclusive(ly)/specific(ally),khas,,,0,0,1
special(ly),khusus,,,0,0,1
bun in hair,konde,,,0,0,1
koran,newspaper,,,0,0,1
to compare,membandingkan,,,0,0,1
to suspect,mencurigai,,,0,0,1
about/concerning/to concern,mengenai,,,0,0,1
mengenakan,to put on/wear,,,0,0,1
to mention,menyebutkan,,,0,0,1
blackboard,papan tulis,,,0,0,1
plural indicator for members of a class or group of people,para,,,0,0,1
announcement/notice,pemberitahuan,,,0,0,1
teenage girl/young lady,pemudi,,,0,0,1
accompaniment,pengiring,,,0,0,1
pengiring,accompaniment,,,0,0,1
penumpang,passenger,,,0,0,1
passenger,penumpang,,,0,0,1
offering/transfer(n),penyerahan,,,0,0,1
social mixing,pergaulan,,,0,0,1
agreement/promise,perjanjian,,,0,0,1
soft(ly)/slow(ly),perlahan-lahan,,,0,0,1
plain/unpatterned,polos,,,0,0,1
shoulder sash and sarong folded in two and worn around the hips,selempang and sesamping,,,0,0,1
sirih,betel leaf,,,0,0,1
the harbour of Jakarta,Tanjung Priuk,,,0,0,1
firm(ly)/strong(ly)/tight(ly),teguh,,,0,0,1
suddenly,tiba-tiba,,,0,0,1
i.e./namely/that is,yaitu,,,0,0,1
located/placed,terletak,,,0,0,1
forbidden (stative),terlarang,,,0,0,1
open,terbuka,,,0,0,1
closed,tertutup,,,0,0,1
located/to be found,terdapat,,,0,0,1
to be prepared (stative),tersedia,,,0,0,1
to tread on accidentally,terinjak,,,0,0,1
unable to be bought,tidak terbeli,,,0,0,1
unable to be finished,tidak terselesaikan,,,0,0,1
unable to be heard,tidak terdengar,,,0,0,1
unable to be looked after,tidak terurus,,,0,0,1
unable to be remembered,tidak teringat,,,0,0,1
unable to be used up,tidak terhabiskan,,,0,0,1
unable to be washed,tidak tercuci,,,0,0,1
unable to be caried,tidak terbawa,,,0,0,1
unable to be kept/reared,tidak terpelihara,,,0,0,1
unable to be endured,tidak tertahan,,,0,0,1
unable to be worn,tidak terpakai,,,0,0,1
to comprise/consist of,terdiri dari,,,0,0,1
terhadap,towards (not 'in the direction of'),,,0,0,1
belonging to/including,termasuk,,,0,0,1
tergesa-gesa,in a hurry,,,0,0,1
tersedu-sedu,sobbing,,,0,0,1
tersedu-sedan,sobbing,,,0,0,1
terbahak-bahak,heartily (of laugh),,,0,0,1
gemar akan,to like,,,0,0,1
digemari,liked,,,0,0,1
disukai,liked,,,0,0,1
diingini,wanted,,,0,0,1
diinginkan,wanted,,,0,0,1
dipercayai,trusted,,,0,0,1
dicintai,loved,,,0,0,1
to be suspicious of,curiga kepada/terhadap,,,0,0,1
dicurigai,suspected,,,0,0,1
to be respectful to,hormat kepada/terhadap,,,0,0,1
to respect,menghormati,,,0,0,1
diketahui,known,,,0,0,1
Alangkah bagusnya!,How beautiful!,,,0,0,1
awan,cloud,,,0,0,1
cloud,awan,,,0,0,1
pillow,bantal,,,0,0,1
bantal,pillow,,,0,0,1
benua,continent,,,0,0,1
continent,benua,,,0,0,1
heavy,berat,,,0,0,1
to lie down,berbaring,,,0,0,1
to be in a row,berjajar,,,0,0,1
to alter/change (intransitive),bertukar,,,0,0,1
blouse,blus,,,0,0,1
bukan main gembirnya,how happy (s)he was,,,0,0,1
empuk,soft/tender,,,0,0,1
soft/tender,empuk,,,0,0,1
gagah,dashing/strong,,,0,0,1
dashing/strong,gagah,,,0,0,1
hadiah,gift/prize,,,0,0,1
harapan,hope,,,0,0,1
hasil,product/result,,,0,0,1
product/result,hasil,,,0,0,1
kasur,mattress,,,0,0,1
mattress,kasur,,,0,0,1
disappointed,kecewa,,,0,0,1
excitement/happiness,kegirangan,,,0,0,1
lapangan terbang,airport,,,0,0,1
lasak,restless,,,0,0,1
restless,lasak,,,0,0,1
letak,position,,,0,0,1
position,letak,,,0,0,1
to serve/wait on,melayani,,,0,0,1
melayani,to serve/wait on,,,0,0,1
memejamkan,to close/shut (eyes),,,0,0,1
to close/shut (eyes),memejamkan,,,0,0,1
satisfactory,memuaskan,,,0,0,1
to win,menang,,,0,0,1
menang,to win,,,0,0,1
menanggung,to guarantee/take care of,,,0,0,1
to guarantee/take care of,menanggung,,,0,0,1
menemui,to meet,,,0,0,1
mengelamun,to daydream,,,0,0,1
to daydream,mengelamun,,,0,0,1
to clear away/pack up,mengemasi,,,0,0,1
mengemasi,to clear away/pack up,,,0,0,1
to hinder/impede/obscure,menghambat,,,0,0,1
mengunjungi,to visit,,,0,0,1
to hit/strike,menimpa,,,0,0,1
desert,padang pasir,,,0,0,1
pendeknya,in short,,,0,0,1
steward(/host)/stewardess(/hostess),pramugara/pramugari,,,0,0,1
competition/contest,sayembara,,,0,0,1
sebentar-sebentar,from time to time,,,0,0,1
so that (so dass),sehingga,,,0,0,1
so that (damit),supaya,,,0,0,1
at the latest,selambat-lambatnya,,,0,0,1
blanket,selimut,,,0,0,1
selimut,blanket,,,0,0,1
sinar,rays,,,0,0,1
rays,sinar,,,0,0,1
sungguh,really/truly,,,0,0,1
to be spread out,terbentang,,,0,0,1
examination,ujian,,,0,0,1
crimson,lembayung,,,0,0,1
as fast as possible,secepat-cepatnya,,,0,0,1
until you're completely satisfied,sekenyang-kenyangnya,,,0,0,1
disappointing,mengecewakan,,,0,0,1
pleasing,menggembirakan,,,0,0,1
saddening,menyedihkan,,,0,0,1
Bukan main!,Amazing/Extraordinary/Incredible!,,,0,0,1
reddish,kemerah-merahan,,,0,0,1
blueish,kebiru-biruan,,,0,0,1
childish,kekanak-kanakan,,,0,0,1
westernised,kebarat-baratan,,,0,0,1
yellowish,kekuning-kuningan,,,0,0,1
dark (blackish),kehitam-hitaman,,,0,0,1
greyish,keabu-abuan,,,0,0,1
zzzamrud,emerald,,,0,0,2
zzzamzam,(water from) a sacred well in the Mecca's mosque,,,0,0,2
zzzohor,lohor,,,0,0,2
bangsa,nation/race,,,0,0,1
berbisa,to be poisonous,,,0,0,1
to be mixed (with),bercampur (dengan),,,0,0,1
bergolak,to boil/seethe,,,0,0,1
to be at war/fight,berperang,,,0,0,1
to be firmly united,bersatu-padu,,,0,0,1
bertempur,to fight (on the battlefield),,,0,0,1
to fight (on the battlefield),bertempur,,,0,0,1
destroyed,binasa,,,0,0,1
binasa,destroyed,,,0,0,1
budak,"child, slave (in some areas)",,,0,0,1
"child, slave (in some areas)",budak,,,0,0,1
gelak,laughter/to laugh,,,0,0,1
thundering,gemuruh,,,0,0,1
gubuk,hut/shed,,,0,0,1
hut/shed,gubuk,,,0,0,1
jiwa,life/soul/spirit,,,0,0,1
kaum ibu,women (in general),,,0,0,1
keluh,moan,,,0,0,1
kemerdekaan,freedom,,,0,0,1
freedom,kemerdekaan,,,0,0,1
kena,to be hit/struck by,,,0,0,1
kesasar,to get lost/stray,,,0,0,1
korban,victim,,,0,0,1
victim,korban,,,0,0,1
maka itu,because of this/that is why...,,,0,0,1
mati-matian,with all one's strength,,,0,0,1
medan,field/town square,,,0,0,1
to break out/explode,meletus,,,0,0,1
to imagine/suggest,membayangkan,,,0,0,1
to fight for/struggle for,memperjuangkan,,,0,0,1
to get/obtain,memperoleh,,,0,0,1
to subjugate,menaklukkan,,,0,0,1
to experience,mengalami,,,0,0,1
to regard (as),menganggap,,,0,0,1
to avoid,menghindarkan,,,0,0,1
to sacrifice,mengorbankan,,,0,0,1
to control/dominate/rule,menguasai,,,0,0,1
to colonise,menjajah,,,0,0,1
to translate,menterjemahkan,,,0,0,1
cannon,meriam,,,0,0,1
hero,pahlawan,,,0,0,1
payah,difficult/tired,,,0,0,1
pelor,bullet,,,0,0,1
bullet,pelor,,,0,0,1
administration,pemerintahan,,,0,0,1
experience (n),pengalaman,,,0,0,1
(pe)perang(an),war,,,0,0,1
intermediary,perantaraan,,,0,0,1
through/by means of,perantaraan,,,0,0,1
masses/people,rakyat,,,0,0,1
salah satu,one of...,,,0,0,1
one of...,salah satu,,,0,0,1
as/like,sebagai,,,0,0,1
sebagai,as/like,,,0,0,1
sekitar,around/vicinity,,,0,0,1
senjata,weapon,,,0,0,1
siksa(an),torment/torture,,,0,0,1
sorak,applause/cheer,,,0,0,1
sukar,difficult,,,0,0,1
tegak,to be errect/upright,,,0,0,1
to be errect/upright,tegak,,,0,0,1
escaped from/safe from,terhindar,,,0,0,1
trodden on,terinjak,,,0,0,1
colonised,terjajah,,,0,0,1
translation,terjemahan,,,0,0,1
involved,terlibat,,,0,0,1
to chop/hack,tetak,,,0,0,1
tewas,killed/slain,,,0,0,1
killed/slain,tewas,,,0,0,1
to crash/fall/topple,tumbang,,,0,0,1
tumbang,to crash/fall/tumble,,,0,0,1
batu,stone,,,0,0,1
stone,batu,,,0,0,1
denda,fine (n),,,0,0,1
fine (n),denda,,,0,0,1
gementar,to tremble,,,0,0,1
to tremble,gementar,,,0,0,1
cut/wound,luka,,,0,0,1
wounded,luka,,,0,0,1
mud,lumpur,,,0,0,1
makam,grave (n),,,0,0,1
to report,mengabarkan,,,0,0,1
pecahan,fragment,,,0,0,1
fragment,pecahan,,,0,0,1
pekarangan,playground/yard,,,0,0,1
refugee,pengungsi,,,0,0,1
request,permintaan,,,0,0,1
rombongan,group/party of people,,,0,0,1
semboyan,slogan,,,0,0,1
slogan,semboyan,,,0,0,1
tanaman,plant,,,0,0,1
plant,tanaman,,,0,0,1
forced,terpaksa,,,0,0,1
left behind by accident,tertinggal,,,0,0,1
dekati,to approach,,,0,0,1
jauhi,to avoid,,,0,0,1
duduki,to occupy,,,0,0,1
to oil,minyaki,,,0,0,1
to sign (with a signature),tandatangani,,,0,0,1
to salt,garami,,,0,0,1
to accompany (go along with someone),temani,,,0,0,1
to head/lead,kepalai,,,0,0,1
to pluck (remove feathers from),bului,,,0,0,1
to dirty,kotori,,,0,0,1
to heat,panasi,,,0,0,1
to wet,basahi,,,0,0,1
to fulfil,penuhi,,,0,0,1
to light/illuminate,terangi,,,0,0,1
to reduce/make less,kurangi,,,0,0,1
to scold/be angry at,marahi,,,0,0,1
to kiss again and again,ciumi,,,0,0,1
to hit over and over again,pukuli,,,0,0,1
to bombard,bomi,,,0,0,1
to ring (intransitive),berbunyi,,,0,0,1
to ring (transitive),membunyikan,,,0,0,1
to gather (intransitive),berkumpul,,,0,0,1
to gather (transitive),mengumpulkan,,,0,0,1
to stop (intransitive),berhenti,,,0,0,1
to stop (transitive),menghentikan,,,0,0,1
to lie down (intransitive),berbaring,,,0,0,1
to lay (s.o.) down (transitive),membaringkan,,,0,0,1
to ask about (transitive),menanyakan,,,0,0,1
to tell/reminice (intransitive),bercerita,,,0,0,1
to tell (transitive),menceritakan,,,0,0,1
to think about (transitive),memikirkan,,,0,0,1
to breast/bottle feed (intransitive),menyusu,,,0,0,1
to breast/bottle feed (transitive),menyusukan,,,0,0,1
to land (intransitive),mendarat,,,0,0,1
to land (transitive),mendaratkan,,,0,0,1
to hide (intransitive),menyuruk,,,0,0,1
to hide (transitive),menyurukkan,,,0,0,1
to sing (intransitive),menyanyi,,,0,0,1
to sing (transitive),menyanyikan,,,0,0,1
to register,mendaftarkan,,,0,0,1
allowance,belanja,,,0,0,1
to spend (money),membelanjakan,,,0,0,1
to borrow,pinjam,,,0,0,1
to lend,pinjamkan,,,0,0,1
to be starving,kelaparan,,,0,0,1
to die of starvation,mati kelaparan,,,0,0,1
he is terrified,die ketakutan,,,0,0,1
he died of fright,dia mati ketakutan,,,0,0,1
I trembled with fright,saya gementar ketakutan,,,0,0,1
he is freezing,dia kedinginan,,,0,0,1
he froze to death,dia mati kedinginan,,,0,0,1
I'm frezing to death,saya mati kedinginan,,,0,0,1
I shivered with cold,saya gementar kedinginan,,,0,0,1
he died of heat,dia mati kepanasan,,,0,0,1
I'm dying of heat,saya mati kepanasan,,,0,0,1
he's suffering from thirst,dia kehausan,,,0,0,1
he died of thirst,dia mati kehausan,,,0,0,1
I'm dying of thirst,saya mati kehausan,,,0,0,1
He is over-full,dia kekenyangan,,,0,0,1
I'm dying of over-eating,saya mati kekenyangan,,,0,0,1
He is in great pain,dia kesakitan,,,0,0,1
He is dying of pain,dia mati kesakitan,,,0,0,1
He screamed with pain,dia memekik kesakitan,,,0,0,1
He is crying with pain,dia menangis kesakitan,,,0,0,1
I've lost my bag,saya kehilangan tas,,,0,0,1
she's suffering the loss of her mother,dia kematian ibu,,,0,0,1
We're out of ice,kami kehabisan es,,,0,0,1
they're short of food,mereka kekurangan makanan,,,0,0,1
he's had his car nicked,dia kecurian mobil,,,0,0,1
We have a guest,kita kedatangan tamu,,,0,0,1
their house burnt down,mereka kebakaran,,,0,0,1
I left my bag behind,saya ketinggalan tas,,,0,0,1
I missed the bus (idiom),saya ketinggalan bis,,,0,0,1
I'm behind the times,saya ketinggalan zaman,,,0,0,1
visible,kelihatan,,,0,0,1
audible,kedengaran,,,0,0,1
caught in the act,kedapatan,,,0,0,1
to be found out (doing something bad),ketahuan,,,0,0,1
to be out after dark,kemalaman,,,0,0,1
to accidentally sleep in/oversleep,kesiangan,,,0,0,1
to get caught in the rain,kehujanan,,,0,0,1
to be/get flooded,kebanjiran,,,0,0,1
rather podgy,kegemukan,,,0,0,1
rather large,kebesaran,,,0,0,1
rather small,kekecilan,,,0,0,1
rather long,kepanjangan,,,0,0,1
rather hard,kekerasan,,,0,0,1
hit by a bullet,kena pelor,,,0,0,1
to get fined,kena denda,,,0,0,1
to catch cholera,kena penyakit kolera,,,0,0,1
to be/get shot,kena tembak,,,0,0,1